{"type": "metrics", "dataset": "train", "precision": 0.7209302325581395, "balanced_accuracy": 0.6804629010150332, "recall": 0.4067724867724868, "f1_score": 0.5200920037883913}
{"type": "metrics", "dataset": "test", "precision": 0.6355859709153122, "balanced_accuracy": 0.6647962879691611, "recall": 0.3898216159496327, "f1_score": 0.4832520325203252}
{"type": "cm_matrix", "dataset": "train", "true_0": {"predicted_0": 15484, "predicted_1": 744}, "true_1": {"predicted_0": 2803, "predicted_1": 1922}}
{"type": "cm_matrix", "dataset": "test", "true_0": {"predicted_0": 6647, "predicted_1": 426}, "true_1": {"predicted_0": 1163, "predicted_1": 743}}
